ID,original_shape_Elongation,original_shape_Flatness,original_shape_LeastAxisLength,original_shape_MajorAxisLength,original_shape_Maximum2DDiameterColumn,original_shape_Maximum2DDiameterRow,original_shape_Maximum2DDiameterSlice,original_shape_Maximum3DDiameter,original_shape_MeshVolume,original_shape_MinorAxisLength,original_shape_Sphericity,original_shape_SurfaceArea,original_shape_SurfaceVolumeRatio,original_shape_VoxelVolume,original_firstorder_10Percentile,original_firstorder_90Percentile,original_firstorder_Energy,original_firstorder_Entropy,original_firstorder_InterquartileRange,original_firstorder_Kurtosis,original_firstorder_Maximum,original_firstorder_MeanAbsoluteDeviation,original_firstorder_Mean,original_firstorder_Median,original_firstorder_Minimum,original_firstorder_Range,original_firstorder_RobustMeanAbsoluteDeviation,original_firstorder_RootMeanSquared,original_firstorder_Skewness,original_firstorder_TotalEnergy,original_firstorder_Uniformity,original_firstorder_Variance,original_glcm_Autocorrelation,original_glcm_ClusterProminence,original_glcm_ClusterShade,original_glcm_ClusterTendency,original_glcm_Contrast,original_glcm_Correlation,original_glcm_DifferenceAverage,original_glcm_DifferenceEntropy,original_glcm_DifferenceVariance,original_glcm_Id,original_glcm_Idm,original_glcm_Idmn,original_glcm_Idn,original_glcm_Imc1,original_glcm_Imc2,original_glcm_InverseVariance,original_glcm_JointAverage,original_glcm_JointEnergy,original_glcm_JointEntropy,original_glcm_MCC,original_glcm_MaximumProbability,original_glcm_SumAverage,original_glcm_SumEntropy,original_glcm_SumSquares,original_glrlm_GrayLevelNonUniformity,original_glrlm_GrayLevelNonUniformityNormalized,original_glrlm_GrayLevelVariance,original_glrlm_HighGrayLevelRunEmphasis,original_glrlm_LongRunEmphasis,original_glrlm_LongRunHighGrayLevelEmphasis,original_glrlm_LongRunLowGrayLevelEmphasis,original_glrlm_LowGrayLevelRunEmphasis,original_glrlm_RunEntropy,original_glrlm_RunLengthNonUniformity,original_glrlm_RunLengthNonUniformityNormalized,original_glrlm_RunPercentage,original_glrlm_RunVariance,original_glrlm_ShortRunEmphasis,original_glrlm_ShortRunHighGrayLevelEmphasis,original_glrlm_ShortRunLowGrayLevelEmphasis,original_glszm_GrayLevelNonUniformity,original_glszm_GrayLevelNonUniformityNormalized,original_glszm_GrayLevelVariance,original_glszm_HighGrayLevelZoneEmphasis,original_glszm_LargeAreaEmphasis,original_glszm_LargeAreaHighGrayLevelEmphasis,original_glszm_LargeAreaLowGrayLevelEmphasis,original_glszm_LowGrayLevelZoneEmphasis,original_glszm_SizeZoneNonUniformity,original_glszm_SizeZoneNonUniformityNormalized,original_glszm_SmallAreaEmphasis,original_glszm_SmallAreaHighGrayLevelEmphasis,original_glszm_SmallAreaLowGrayLevelEmphasis,original_glszm_ZoneEntropy,original_glszm_ZonePercentage,original_glszm_ZoneVariance,original_gldm_DependenceEntropy,original_gldm_DependenceNonUniformity,original_gldm_DependenceNonUniformityNormalized,original_gldm_DependenceVariance,original_gldm_GrayLevelNonUniformity,original_gldm_GrayLevelVariance,original_gldm_HighGrayLevelEmphasis,original_gldm_LargeDependenceEmphasis,original_gldm_LargeDependenceHighGrayLevelEmphasis,original_gldm_LargeDependenceLowGrayLevelEmphasis,original_gldm_LowGrayLevelEmphasis,original_gldm_SmallDependenceEmphasis,original_gldm_SmallDependenceHighGrayLevelEmphasis,original_gldm_SmallDependenceLowGrayLevelEmphasis,original_ngtdm_Busyness,original_ngtdm_Coarseness,original_ngtdm_Complexity,original_ngtdm_Contrast,original_ngtdm_Strength,class
15,0.5885828135344678,0.08473862052260817,0.0,0.12723053531675316,0.08207722522041418,0.21245806843350376,0.2108808280286203,0.13913755918258255,0.004818767730216298,0.18528762703420673,0.48625283745171954,0.01018596221623723,0.5410013426584138,0.004852984373403936,0.4330708661417323,0.709090909090909,0.006101539999778839,0.7656655268686055,0.5409836065573771,0.29514334229303474,0.9500000000000002,0.5967231396853532,0.5875782710886477,0.6033057851239669,0.0,0.9791666666666661,0.5591174904772083,0.42578925030541004,0.21222007476948246,0.006666803497828685,0.17534435900800072,0.5096232029895731,0.5753026665650882,0.32036409442513536,0.5855748327173166,0.4786038542985107,0.44775260752747575,0.33881634524800947,0.5650270108970068,0.6968367461748066,0.48877158185985126,0.2707088375625597,0.24046387374347722,0.5336820716190616,0.4228042736758315,0.8370465956177346,0.6500831094445234,0.25190239806189363,0.6711826779971428,0.12054801657993024,0.6958274035557162,0.3347833145811381,0.19734431147076958,0.6711826779971432,0.7132092121635303,0.4715426383926701,0.0023191252977210774,0.18154776192919575,0.5099423845930462,0.5772513267469549,0.15340492608114453,0.527550172065413,0.08353451289700879,0.08360063463529208,0.6725616399718817,0.0036932121288085562,0.7814830333814875,0.8054146816209036,0.145145091122603,0.8071582066167071,0.5923725064320853,0.08348968705743054,0.006949364369212613,0.25438025307847467,0.4968066698846546,0.5842133785131641,0.0002472414472922231,0.00038132974939373437,0.00013999267618816094,0.09176003320668777,0.0066973743110182865,0.5905893720771092,0.6637408652377512,0.6980499151804573,0.08346307775351698,0.6083297653589472,0.6479905649028634,0.00017309549646031777,0.7425127309476163,0.004751056755284147,0.43764134058639087,0.1815023647591114,0.002152296167117319,0.5083906677099379,0.5780777412358035,0.121688841899122,0.24636343910389896,0.012208359175112843,0.08247075221640096,0.6031999027246263,0.7032168098587475,0.08275536574638398,0.0021809242328664404,0.18631164714607035,0.57267136996498,0.3422762277886605,0.20281490066516533,0
20,0.8807130894455657,0.5288452916713191,0.24872344124096996,0.13860806716235452,0.18985597378898206,0.2787963331780017,0.2374982614517071,0.21164716940749354,0.043524418499728934,0.3111983007611988,0.28046446805623104,0.07303442372340105,0.34245973523088613,0.04376215615466666,0.4094488188976378,0.5363636363636363,0.06144107077842725,0.6453943524568451,0.4098360655737705,0.38713026109251825,1.0,0.44962201712620925,0.47713565043617495,0.49586776859504134,0.0,1.0,0.40372508520901795,0.21501124671370675,0.36468891129189057,0.033952339189106014,0.2752151706577438,0.35545328553594424,0.45911272596385444,0.25367793593811466,0.6953633742045887,0.39487501530747904,0.27178951998042333,0.565433046706462,0.406416703020695,0.5616463946004773,0.28924928460155214,0.37760497335337684,0.33818808855889904,0.71438991394891,0.5849325050723566,0.9390293413754484,0.35575055696257,0.3852269152612108,0.5589612384523623,0.1516756700941878,0.6632933035203832,0.32796261027452317,0.19888957397593743,0.558961238452362,0.6821566326888,0.34341995464349656,0.04658688258505508,0.2796042675165613,0.36182982533034214,0.4286844587591784,0.3028861727836394,0.4476464775538052,0.10168804738071498,0.09042754900462233,0.6709943505961711,0.05848127126908861,0.5677888896726566,0.610295717322427,0.28744926866500825,0.618042091071703,0.4224695309577978,0.08773179956232616,0.08139672578988408,0.23506977350894154,0.5081314954045614,0.45064339082760774,0.013939662060345762,0.013545257608444217,0.014499266384712188,0.14308023647205548,0.06225928236272683,0.35582437898076724,0.43288390323790105,0.4589879207550691,0.12397778828430743,0.9032207416927975,0.3182218525871665,0.013616509163441306,0.9086012458457473,0.06599989853911598,0.22879530689467126,0.30120134579063096,0.04473268539426285,0.35544368531836573,0.4282656239142112,0.26425678462124597,0.34951811322299575,0.08772126260922897,0.08793906223849221,0.3078099582940461,0.33285583103979327,0.06181477902387144,0.06087288113324585,0.011830139411117558,0.4827402870154749,0.21400072695752462,0.013161259696069596,1
35,0.16494386203565883,0.12070107999722063,0.027714564264701633,0.1462612174770097,0.12061038044893894,0.15348407081223656,0.0,0.08888872020742228,0.0011071611086909973,0.037690590089668685,0.5912265183536757,0.0021084628263896097,0.684291449626311,0.0011621349420627735,0.37480314960629924,0.8727272727272726,0.0028102255798520075,0.8793718483745825,0.8032786885245902,0.13434086722234428,1.0,0.8307253632993881,0.6506767673234584,0.7024793388429753,0.050000000000000044,0.958333333333333,0.8130680113870457,0.5941398376089176,0.10958631083597065,0.0031362331573848165,0.0831822000440412,0.7625370955658527,0.6617330053739459,0.9017083755375352,0.0,0.912227119139198,0.6758378199825676,0.4867037267829787,0.7724770427060051,0.8226120458368562,0.6779600146147322,0.10539164018250002,0.08725977438642063,0.2983850531576042,0.20978255527672474,0.6545076867663568,0.9003917026304389,0.12051918361081426,0.7319207164765242,0.08542961400215411,0.7329689674804019,0.5032330776533708,0.14021578066230822,0.7319207164765235,0.8922586857679158,0.8292867732671767,0.0003878843559316741,0.08866756569082668,0.7567858324305426,0.6845770674645926,0.04367590383002784,0.5671709128334808,0.10914201030331118,0.1145837451189704,0.7323688820973491,0.000998199702238212,0.8968763882432551,0.9244774347736984,0.02885982195813945,0.9177934000465422,0.7174678317339833,0.11533071012456972,0.0013977684240295651,0.20574700549298752,0.6566025940826993,0.6822379277317746,6.022622038562117e-05,0.00017454677360837382,0.0,0.11451727826291769,0.002122605023495957,0.7344477745125371,0.788634580414594,0.8678402821792703,0.12185219433146639,0.4319320026649325,0.832255685084649,3.464764724656447e-05,0.5308091521358254,0.0015469561146651094,0.6971369574726358,0.049002632353812026,0.0003540054681592667,0.7607304342710861,0.6852963234001272,0.03857976589532375,0.14705506728752782,0.0,0.11451555416416312,0.7891108875451197,0.9999999999999999,0.13251670197439144,0.0,0.401072129047225,0.8564612523754507,0.6703988731517475,0.47996646965530554,0
47,0.8515947366914465,0.4938320331662097,0.31928493652387313,0.21127504766972793,0.2523779287024588,0.22696720427583658,0.25250563691721123,0.3374062572310609,0.01925239049359831,0.40913456684317373,0.19272535456418316,0.04967848381631971,0.582195285463683,0.01939443666646839,0.42519685039370075,0.5727272727272726,0.03456264079900998,0.6579020075074338,0.4098360655737705,0.3702276764885457,1.0,0.46452597258503364,0.5021686574333714,0.5206611570247934,0.0,1.0,0.4265242851911252,0.2541869749383663,0.3388850477332634,0.016800265275849106,0.26248430676453993,0.368320291526679,0.49977704767390707,0.32311547275383495,0.65071200166607,0.46347786141812364,0.22656570772835666,0.7587279522773024,0.35440743953347464,0.50274215328371,0.23978765988003714,0.43025729335628315,0.39016702788549407,0.7644937812707031,0.6427366396611971,0.8848702480478016,0.5172750105808406,0.44175803657775203,0.5916464965361055,0.15872429362946683,0.6520022413803261,0.4817047021962707,0.20283365037324336,0.5916464965361058,0.733629201827382,0.36362597287039844,0.023591952461102784,0.26978037549395917,0.37176496402679804,0.4580779160574133,0.28209819315830265,0.4706761961836687,0.09024530611187488,0.0809526407824776,0.6656686366572551,0.030276239277327532,0.5962194587790437,0.6365907980212606,0.2677286155988834,0.6439841508093291,0.4538887119492033,0.07871228414549353,0.047614319487126466,0.2964367050563861,0.4290020406317139,0.4638079338258386,0.002239404167452594,0.0023042078841653785,0.0024230852359889993,0.11391235381693698,0.03302600835020775,0.3206749208535258,0.39546823300124445,0.44974473966421213,0.0982435167102781,0.9012930966402144,0.36660796530288153,0.001969712093789976,0.9078267960479214,0.034602518068809006,0.24826499389737672,0.28725841400374597,0.02246366314800588,0.3685459026419147,0.4586224640634181,0.24353137358397142,0.35031123694514504,0.07280343029981731,0.07907989378571229,0.3370087080786097,0.3655479409903991,0.05798921063588686,0.027617188559666318,0.0255702831975972,0.41534229708373926,0.19571075139821847,0.02960736062672186,0
49,0.6317054497372032,0.3269815986573077,0.7191836862221436,0.7922489353726759,0.9999999999999999,0.8862904982491332,0.9876788131623248,1.0,0.3567510742091311,0.9869590988508795,0.2363154695361891,0.33271000490025027,0.13614926585787007,0.3599110171760809,0.5905511811023622,0.3363636363636363,0.08652187016996635,0.0,0.0,0.9943955273089014,1.0,0.0,0.4865579292383174,0.5041322314049588,0.125,0.895833333333333,0.0,0.06569389580285745,0.3027842913919541,0.18775822173506898,1.0,0.0,0.4560400606032705,0.0,0.6943327648668636,0.0,0.024665819350700807,0.5300691828887357,0.055290026838493045,0.10338344156174384,0.02765143542285453,0.8665966936210088,0.8529948890579377,1.0,1.0,0.9272269909496521,0.3156273734889404,0.9062298972377225,0.5695362316657193,0.8540989667930309,0.11634061132704376,0.38797094668843624,1.0,0.5695362316657196,0.09381517044253895,0.0,0.17445888060707146,1.0,0.0,0.39899731619000023,0.7416112199637468,0.5737023100796907,0.060637464912268416,0.029094986763579612,0.0,0.1005675910388497,0.19199325320594385,0.2070905399816354,0.7437310991519867,0.2205287684937769,0.357647680604813,0.023410107933395423,0.13792639794757103,1.0,0.0,0.4040064364011433,0.6251655166847785,0.6128137209728869,0.6299474302702848,0.02864001446367341,0.05633799268456975,0.2531766297064776,0.31832097088176003,0.36229269208298,0.012611888172283522,0.6950908441641461,0.07974807259732941,0.6246275873211449,0.699755776759523,0.08680544698306959,0.03521833620758369,0.7795082919470531,0.18429068965928427,0.0,0.40007227217074903,0.7165989341580471,0.8442318232685716,0.21995615668562443,0.029038562686324786,0.08712724991816298,0.13592026104633498,0.0005066829730219352,0.0903221303367392,0.0051517698621011,0.21277735813601165,0.0,0.00989546577185439,1
50,0.0,0.0,0.08655623394173424,0.7497607684833625,0.0,0.5470647058136444,0.6039615798886341,0.4452551058158616,0.0,0.127441639089515,0.5167165174137213,0.0,0.9779651947325392,0.0,0.0,0.0,0.0,0.5043163897487117,0.459016393442623,1.0,0.7000000000000002,0.42241022584784677,0.0,0.0,0.0,0.875,0.4275450558307823,0.0,1.0,0.0,0.3436513062554942,0.31438254795371706,0.0,0.1014870753409248,0.8162323612268969,0.17239219003566744,0.2922686012116411,0.0,0.46235240740132455,0.3963419223965723,0.2554467880709526,0.2461281053747968,0.20300816637501862,0.6852855789910866,0.5109341156802811,0.0,1.0,0.35515477247017624,0.0,1.0,0.0,1.0,0.9260271502295143,0.0,0.0,0.22141330896792777,0.0,0.3671438691387845,0.30482019777665914,0.0,0.0,0.0,1.0,1.0,0.08437900727646275,0.0,1.0,1.0,0.0,1.0,0.0,1.0,0.0,0.7655246748544746,0.1576693405780264,0.0,0.0,0.0,0.0008189108218700693,1.0000000000000002,2.357400070149892e-06,1.0,0.9999999999999998,0.05365389058832748,1.0000000000000002,0.0,1.0,0.0,0.0,0.0,1.0,0.0,0.0,0.31141364978108177,0.0,0.0,0.0,0.24419144781473126,1.0,1.0,0.2752771153850047,0.9999999999999998,0.00015218159492252524,1.0,0.3567329107490753,0.3947987658617988,1.0,0
51,0.03059303264939736,0.0905180877287132,0.09635071331625601,0.3612828715118332,0.03334658273229281,0.19765548572015548,0.009635141959368931,0.17466969522413947,0.001075693639280713,0.04915712771706238,0.45420620711251425,0.0032888921183799836,0.8337334180126724,0.0009800646643224633,0.3622047244094488,0.609090909090909,0.003133064257768191,0.7535929714147156,0.5737704918032788,0.1674500985455758,0.75,0.6111220389631757,0.4921906416409561,0.5041322314049588,0.050000000000000044,0.8541666666666661,0.5986205727722171,0.2927901740595704,0.402776644794271,0.0015640489614705054,0.1737692118078371,0.5005332381891713,0.5057081655698611,0.37905025246991864,0.6840686796320288,0.5624819181906099,0.3444555970992259,0.6227549134370303,0.4829019162737662,0.6256958088324809,0.3634738937377825,0.3112326116994997,0.27404189187584005,0.6356197961659351,0.5023764294067696,0.80615039261481,0.7187351122883041,0.30582438642297494,0.596682664209151,0.12572211670166306,0.6734042697371738,0.43805230838178943,0.1978908068956824,0.5966826642091502,0.7704965049242603,0.4747623630109443,0.0014639572447564908,0.17959746546498712,0.5034395134470255,0.45954437259215863,0.15597803026369217,0.4284987503913375,0.09057132543350234,0.09007650751044236,0.6776839471317526,0.00235234889193491,0.7489303859972534,0.783516506615614,0.14250912601726035,0.7867156223545946,0.4676427312250273,0.08965076553112258,0.0034143867565197467,0.2689301009281435,0.4832370432471499,0.4525468087096334,0.00040029800711559316,0.0005080506912976282,0.000351106712889164,0.10643893077061284,0.002494568195859083,0.42511189122696136,0.4978216888424385,0.47311073711283835,0.0956167448617579,0.644555710162479,0.5633488230500595,0.00029028578201361206,0.7142003935662955,0.002812769087759101,0.42616364864548156,0.16703802596441575,0.0013730593188507967,0.5025835813301383,0.46142880158737043,0.12996944810849975,0.22623061987775728,0.022188968197084172,0.08871895246310879,0.5097156094062477,0.5013038190287441,0.0819327678962122,0.0014895276661627496,0.24651784528274215,0.5728399955690656,0.3371138452508215,0.2790774553104954,0
52,0.19854275827401766,0.0868900079283709,0.1600374769137035,0.5335031722651278,0.09389278473244221,0.14338789907263397,0.5373880591298212,0.39371309976252156,0.002963256696404338,0.26329683100875556,0.3125176098189343,0.010227236939885961,0.8374569899119473,0.0029841245698442043,0.31496062992125984,0.42727272727272725,0.0040712966287708135,0.6458434653698539,0.39344262295081966,0.468714706437257,1.0,0.4544553845987384,0.3805057023346098,0.4049586776859504,0.0,1.0,0.40197043970976176,0.10249900006857648,0.4321406538515019,0.0019530649526636875,0.2755875520851493,0.3668519886706796,0.36799276652850843,0.27539963440630383,0.7469400559128934,0.4040278484847787,0.28906635213149423,0.5401061092018307,0.424080781700237,0.5728288810658873,0.3077726487840462,0.36268479394323716,0.32560046046472857,0.6961235841734332,0.5659946864087333,0.8786138410214799,0.5639670864083921,0.3803005799277487,0.46638280527606657,0.16374739910068586,0.6307799366433875,0.3621078121707172,0.2427970050064437,0.46638280527606624,0.6752688208217466,0.35654907881458026,0.004068385591388464,0.284239646796562,0.37292486841518513,0.32274776120791027,0.18064539435628868,0.3149083368396121,0.14295372267676643,0.13794329094449537,0.5527789965917478,0.005317961814346863,0.7133401969661297,0.7521528963112818,0.16422111220646723,0.7539940553227735,0.3236373382032707,0.13636349396059358,0.009953167897028811,0.36419311570025936,0.38535362231976955,0.30761973158956535,0.0004506793208345982,0.0004490732210981184,0.0005774092552630165,0.17807630370923083,0.007049654582857086,0.4302150734166543,0.5078562659748267,0.31729178142735237,0.1576349028445198,0.6890022207931139,0.5261048080820424,0.000320396570034273,0.7082350385346396,0.00658798472694777,0.37302950210745306,0.20947127344415212,0.0038142868849926834,0.37067197287282244,0.3244462147233823,0.15621157795493495,0.2009181990903853,0.06125526125678507,0.1351902311585425,0.48106635175211554,0.3652579192734922,0.11375211642354191,0.004691233817598663,0.12686201694094193,0.5190193691554725,0.2316856491669718,0.14499500050334807,0
54,0.40201369102311213,0.17580018235457914,0.313279192940944,0.5880850771192022,0.36308760450291855,0.20997596368965135,0.4928574667481047,0.5112795941074793,0.006705532451931139,0.5057827431618576,0.12284637490062494,0.028852901751940878,1.0,0.007002267249199719,0.39370078740157477,0.4545454545454545,0.00881914646991605,0.574065913143071,0.34426229508196726,0.46165194953102184,0.9000000000000004,0.38276753339614594,0.43096588860590945,0.4462809917355372,0.0,0.958333333333333,0.34903163892249145,0.12589037043836449,0.4327528363097621,0.0046012843565597615,0.3364415166507594,0.29055123311510433,0.4168830865230754,0.20226410705927836,0.7164672424769866,0.33163033604534065,0.1623715435736406,0.7552873293846633,0.27093792261377725,0.41467218673062334,0.1802057709604198,0.5302966932266688,0.4933181643490675,0.8377085950981744,0.7389450907553101,0.8559426948839398,0.5859199280877934,0.5567449879689583,0.5154492815742524,0.2416402128002687,0.5375306342995929,0.4929659008312183,0.33141778079084216,0.5154492815742518,0.6209265323147344,0.25715862539355294,0.009060923955220837,0.34619266916621905,0.29336088103136493,0.36910659027671655,0.23768595987895313,0.37095216694471594,0.09882946517827278,0.09157482484104662,0.4976780944803929,0.010715347989633067,0.6533730747434001,0.6905648381880818,0.22340432784752007,0.6958789046518374,0.36793192147663456,0.08979270610247284,0.02182366411074186,0.461231077508534,0.2799024957135581,0.3727853646616819,0.0008211341932607757,0.0008176746843708445,0.000893550101380958,0.11787466133229496,0.013961484401772993,0.3877828722770347,0.46564432972839587,0.37706881188269714,0.10842691324019045,0.7210390242778031,0.4726665539501418,0.0006556841234034799,0.7733672546088513,0.012443871972406265,0.29246778330019135,0.2790029899169231,0.008577452125340296,0.29129515516881493,0.3692861001947064,0.20732393857566506,0.2615510528101084,0.06554347420886736,0.08972912438094474,0.4238488926082039,0.3732850175996967,0.075681434045755,0.008872036182851163,0.07076386952527058,0.3862892285004963,0.14521765412378215,0.08761092430191862,0
55,0.5745832789126252,0.449087891930654,0.21694037799403004,0.14918828345721757,0.1777347742370003,0.23896107043589768,0.19711798607427872,0.1477912615176696,0.014395902847390393,0.20420404889329927,0.4070318008857652,0.026764442578338155,0.4168007335669567,0.014379840693262303,0.3385826771653543,0.3727272727272727,0.012721817325223957,0.5348416350519507,0.34426229508196726,0.3687759313813852,0.9500000000000002,0.3597089790750024,0.36222764572229044,0.38842975206611574,0.0,0.9791666666666661,0.3428397899496236,0.02622236082023699,0.3331841736966451,0.0067780862841357046,0.3549234138901797,0.2564443880114122,0.3263078854024355,0.17028383226442054,0.6734684517542378,0.30740296392817223,0.21421045736499228,0.571517308115617,0.3385483829756505,0.4797854332426408,0.22517542284645753,0.44895753956538753,0.41039873714096065,0.7785099263291624,0.6609736108090534,0.9097906284286741,0.40604066962541635,0.4709035078629722,0.4243758909348436,0.20396819692932183,0.5744102762789363,0.3421727590937924,0.2209843569585902,0.42437589093484307,0.6004807661667781,0.26607652404628074,0.017682124982362938,0.36718011598467915,0.25774374158531255,0.29278197928525407,0.3351092248719163,0.3289206525194888,0.14163173829494285,0.11968742267936403,0.5243427080744558,0.019663939265561384,0.5316069079686909,0.5764551243487963,0.314629524581049,0.5807043572394592,0.2817108691765787,0.11457190022750469,0.027876180412121067,0.4079787439351039,0.3002960008149821,0.30323517076225637,0.0041349080586214285,0.0034677723417379817,0.005576721228172982,0.17153002209425533,0.01577476218759049,0.2472382142770071,0.3145595675583086,0.26017724016062416,0.13122997971701345,0.9018693298986058,0.27613590931004206,0.0037078258164255245,0.8453740965051892,0.02139603246519617,0.2143009400401505,0.3027388023557653,0.01701759668682813,0.25707159596462625,0.29310873373054736,0.2882968350223973,0.3005815856544771,0.15250940786025727,0.11733826351556914,0.25893844920955056,0.21409389860812955,0.062449350650571826,0.020847949099590923,0.03439391336770835,0.4621493108723207,0.1451551113485898,0.04225521515594449,0
56,0.20823139385047176,0.10357585505177291,0.3815215198660736,0.9999999999999999,0.30047521899088087,0.36041648180456154,0.6855079588202112,0.7029525042632303,0.006504655073984978,0.5348997191228764,0.14714202800747522,0.026456278927274493,0.9480831408158146,0.00687252321769744,0.31496062992125984,0.6,0.00851348517204826,0.7917207889634734,0.5901639344262296,0.20805056404043598,0.9500000000000002,0.6299938474928881,0.4504611117254497,0.4628099173553719,0.0,0.9791666666666661,0.6047370790041162,0.2541269926816887,0.40986947766237297,0.006297730557119617,0.1522332856492491,0.5324362151862858,0.42429896843953563,0.4940947732016728,0.7360635226273993,0.642910263884333,0.37256884902902654,0.6584049474052774,0.5137420915896999,0.6553582021890407,0.38680191894927607,0.27987377781002176,0.24351249053740232,0.6051399750843842,0.4685113649831836,0.8740798677856869,0.5941904961326325,0.2786030651600221,0.5126658123100982,0.08821559762935312,0.7621606355875625,0.42791577452506147,0.1293341213102782,0.5126658123100983,0.836600797537554,0.5347646503062279,0.004876921701460195,0.15922150182828476,0.5312034914609862,0.4165237568422374,0.12192122606337663,0.3735773118796946,0.1544870246209537,0.15429399671477242,0.7097628804502438,0.007910547116975721,0.7938302249774747,0.8258383264605049,0.1082039062663399,0.8265358090372423,0.427971266388221,0.15380899391097907,0.016360956717377893,0.25075119396658474,0.49291126319477174,0.41968260059311535,0.00023838379083977463,0.0002677801748989787,0.0003395796689402353,0.18831959403497353,0.014892660852149069,0.5424518914522145,0.6174854200818698,0.48026110222841034,0.18794303489026154,0.6488105297931384,0.6542678381208079,0.00016645781149701784,0.7431081977214329,0.011356021862505377,0.47134216223271524,0.1332720118511766,0.004471969298241504,0.5320878017046498,0.4165043170136399,0.10102547579222494,0.16065272093593194,0.04248701286725938,0.15192036827312763,0.6000874013407116,0.5453021036919158,0.15247294692189325,0.008582730015029991,0.08987389367560188,0.5679733239929889,0.36617209158116204,0.09751391614984915,0
57,0.6440255658682127,0.3310882908663775,0.43020156534759607,0.4617870084408504,0.36047044085746616,0.7132781000232193,0.48258003187138476,0.5056972740215048,0.10492970837134857,0.6071332414843122,0.14278126735423613,0.1773883638433795,0.3361043046093404,0.10574045622608383,0.5511811023622047,0.4545454545454545,0.06167025823744109,0.3093837353998201,0.16393442622950827,0.5774575430705016,1.0,0.18024403296922514,0.5067079794891804,0.5123966942148761,0.07499999999999996,0.9375,0.1651445212317061,0.15304472763112043,0.6047478403665044,0.07006745968309085,0.5865930251805092,0.11450567624428443,0.4801561196340113,0.06142139718210453,0.7830136829678708,0.14181412786836364,0.09856742613273366,0.6216940117313344,0.18241309147697427,0.30135244412824824,0.10946364574263552,0.6477677022610673,0.6161039831509654,0.9113749370330506,0.8428501440822735,0.9149743006176464,0.3910696230192093,0.6848716666960499,0.5872780822661892,0.4016820390646952,0.3795829506648425,0.3722269104894965,0.45879335144952477,0.587278082266189,0.4009278835096399,0.11668835887532641,0.07389713915870585,0.5948537429204245,0.11753479056129165,0.43860834656992076,0.516906684372876,0.5283072270891644,0.05124075319522417,0.03065693418353501,0.33138272226038445,0.06145794893443706,0.3542081136397761,0.3897366180485484,0.5070423773634386,0.4042631641150294,0.41488674289615124,0.026547291068675573,0.08130453086811544,0.5868844868221179,0.17477169457434405,0.48843298567760474,0.08692221067009036,0.08362624981731775,0.09096400443382621,0.026237366751563573,0.04715856280175362,0.35032059550758343,0.42734812187931004,0.4868620904278237,0.015381181884843984,0.7395388713711992,0.15882443681952663,0.08618941611135306,0.8483317125736844,0.05772875190705952,0.09807354779941452,0.5559932273457578,0.07442315448857993,0.11527177190725724,0.436040159137815,0.49220427455306365,0.5949051494451079,0.1478810766001604,0.03100773745247542,0.1698786047896765,0.22914690600487025,0.006729134447706873,0.058609667900966986,0.009519182499007942,0.35475919336178174,0.0563274694618554,0.013971809151268999,0
60,0.3928837292055425,0.3226886017340458,0.3322887257772464,0.3622627088744055,0.3263663338409322,0.2555863821928759,0.18793407368430448,0.2599437790166569,0.01776077854246181,0.30831425388203115,0.19824896186916557,0.04640870119158957,0.5919462126083124,0.018175903355679198,0.49606299212598426,0.5181818181818181,0.026362789921303764,0.49595141511079843,0.278688524590164,0.5219877291344037,1.0,0.31266141039226675,0.5139055773795562,0.5289256198347108,0.07499999999999996,0.9375,0.27606438042002657,0.21440719582850631,0.47841384773890683,0.014386643741849984,0.41116636524136985,0.23029851697241327,0.5023086219568608,0.1702761909015389,0.7492096510104375,0.28202460533875207,0.10071707122638561,0.8853105260068415,0.187756678338446,0.3070559558938746,0.10970892874692546,0.6367212045185668,0.6030131417294105,0.9086752651404879,0.8357927189244307,0.8369539304101685,0.6115409913223409,0.666287608288989,0.5995554293664485,0.31798083463550764,0.46277079865812776,0.5836854689430367,0.4475295186141289,0.5995554293664486,0.5747641930096576,0.20031656140554188,0.022870736492338763,0.4152755478802268,0.23526132715502582,0.4581191978131788,0.42903459388089815,0.5212008411125078,0.059143609250632154,0.043395016998891055,0.5443123156918066,0.023337608149107496,0.4369891461342106,0.4767418971335067,0.4160106924907298,0.4889161008263381,0.44080602561681903,0.04005320559492189,0.03156628524694592,0.4104586376536348,0.3230450186329864,0.4882795259783882,0.011760457495128494,0.011936301892603399,0.011761624587750678,0.055504995155320674,0.01997794243744852,0.33205965909313584,0.41095970235671464,0.48843068874821904,0.04418510674380732,0.8537336801023558,0.23467174148283576,0.011232826163569482,0.9317504289796577,0.02251019809875375,0.1358604660530875,0.4653500901268896,0.02266675701273757,0.22986125718437234,0.45708076608549963,0.3992194193413339,0.5204215927580448,0.11407133340181227,0.04278637653187398,0.22805155981390565,0.28375619079250686,0.021102708255869497,0.018304490400534563,0.03286691394280921,0.3001297578453759,0.09305477084644523,0.04350967214879181,0
71,0.8341239366257014,0.7889043041044767,0.9456190976319411,0.43816825303717144,0.5489307180152103,0.7645329686895925,0.5607475501149414,0.5371476366006382,0.5064378582082016,0.7357318880889985,0.19192899722747098,0.4601608838348083,0.12918220496815258,0.5074048789772085,0.09448818897637795,0.709090909090909,0.29276718880750874,1.0,1.0,0.0,1.0,1.0,0.3702675077844409,0.371900826446281,0.0,1.0,1.0,0.3544040126208745,0.5266714189508547,0.46138849850833613,0.0,1.0,0.3471324374425492,0.9999999999999999,0.9999999999999999,1.0,0.94163139428896,0.3005808958988602,0.9492814465776728,0.9712718260715818,0.9594980455006803,0.03475447927386688,0.030692632159321498,0.05977322087661108,0.05101061952361352,0.9844941669528938,0.1275253215260967,0.027564313907721738,0.4368329530610271,0.0,0.9999999999999998,0.11697269354255801,0.0,0.4368329530610272,1.0,1.0,0.10944726580394942,0.0,1.0,0.3834265923872727,0.10090962842786277,0.3361282952916462,0.5596593939883985,0.5307834332638462,1.0,0.2322040300081416,0.8255054275426654,0.8539292377445582,0.08893641537243617,0.8543473251057225,0.39645661777618035,0.5229285095959922,0.4163651991512525,0.0,1.0,0.4049422440731406,0.00018381467605317484,0.00019864392559927737,0.0013186534214093286,0.5712241951671713,0.48731160450721295,0.5655945587733393,0.639700569052361,0.4827448866186186,0.5178622561009194,0.8098002700878881,0.6804379577202448,0.00012057285564774342,0.8881049923021842,0.3688883095618052,0.5265333070323774,0.09862540484891248,0.09921818651422636,1.0,0.3826015335187447,0.08005670722624424,0.12596955808550261,0.2829144369720281,0.5286978319480169,0.632714366829043,0.5580001247764865,0.4103693624975863,0.5725990923915035,0.00215200668802601,0.8975081142205923,1.0000000000000002,0.0020320108925599312,1
77,0.3387673682554623,0.19503387857170293,0.3174455652780893,0.5485096838337111,0.3986084898077532,0.5294403277656938,0.26872776337388615,0.35062997399196794,0.00939994649553198,0.40990380033352625,0.37952576470760646,0.020570731619373766,0.5135902063778668,0.010022224241573565,0.19685039370078738,0.5454545454545454,0.0062489812151728715,0.8617159044399996,0.7049180327868854,0.1713403287933155,1.0,0.7279378947585113,0.36779423091844776,0.38842975206611574,0.0,1.0,0.6973112275345343,0.21767710233612225,0.49773273701638876,0.008050514714904256,0.10154640686913241,0.6516360708786214,0.3522985771059457,0.621823910953035,0.8748066072920068,0.7361585126637272,0.5122342595434763,0.5312434657658275,0.6338620854491588,0.7536872447653202,0.5333095013922353,0.20451861510308356,0.17588988629451852,0.463301693587832,0.3481137206751139,0.8791803893917101,0.5867315974400986,0.18778641762307957,0.43790565389077396,0.06302531055366599,0.8208449190840901,0.3366162932581648,0.1163919890152087,0.4379056538907743,0.8789776770853295,0.6522537641991438,0.0034960121993317162,0.10692082950741266,0.6531520954442455,0.3414294879881197,0.12433741748984017,0.31233014389136343,0.2943423739942618,0.28331777549774373,0.8072587219651775,0.006271831006910023,0.7931595046697075,0.8250163572244862,0.10923705494772588,0.8240888522121281,0.3488052128157584,0.27986058908373956,0.011833907016441951,0.18370825712122274,0.6222061730331317,0.3366008096120976,0.00023249575952022996,0.00022932080491734695,0.0006748798876394383,0.3318967849775494,0.011595561944869728,0.5449852984331547,0.6198261065991846,0.37366979901259356,0.31004757784763376,0.6767642756090688,0.6538380232789334,0.00016040780365423116,0.8022893949451051,0.008870941919507613,0.47011653539495996,0.13530199868272685,0.003203367785904341,0.6545802093317541,0.34245750483649295,0.10186908656660527,0.14744231606969774,0.12929118159535025,0.28039291695734314,0.6008349343617561,0.46275575125636037,0.23927069837623074,0.008005210692381026,0.11413209577102401,0.6016188820312133,0.47325990552934166,0.12051436488739378,0
81,0.31150671526675866,0.2929386707134939,0.6943353032789833,0.8411935146204936,0.8436735887679604,0.5684196780805827,0.9164095067167567,0.7570587852233264,0.03494319338429216,0.5917437344871613,0.04587922002567135,0.10931554113044957,0.709150851263687,0.039255525378967454,0.2204724409448819,0.6,0.02433186505743511,0.8732864639835931,0.6721311475409837,0.19056900157466572,1.0,0.7268879602454008,0.4089683236181513,0.4297520661157025,0.0,1.0,0.6737519482691836,0.26359984966063454,0.39839859030276803,0.0326057899190792,0.09984060527954541,0.6691296487664332,0.43469472163303946,0.6436060617675262,0.5854119060871567,0.7321687865733475,0.4507335075028189,0.6137916022231887,0.57887751374774,0.7177315586496926,0.47791856599903604,0.24259231105658174,0.2119161706958128,0.5262168167406855,0.4042014619472596,0.9122489104625067,0.48843863648538594,0.2400504049072537,0.5210560690577524,0.06639250687014665,0.828078422766344,0.37869449998022753,0.11405127746773885,0.5210560690577529,0.8865440227943528,0.6223750377835934,0.01305875993504436,0.10359381055557093,0.6698814072136988,0.38562313545601845,0.09653241260608114,0.3419590071524817,0.2929744197392669,0.29113297561373497,0.7999613284296148,0.02322670097796696,0.8381475187194911,0.8635340243163965,0.08559710488693671,0.8632611087188087,0.39765681590472135,0.29036449980190054,0.04933028397622516,0.150673570548707,0.6559293697734364,0.37259907837981454,0.00014185429681565285,0.00019267140162493662,0.00039592081056368775,0.3609398416624169,0.05270633973351558,0.6227319967839153,0.6910133602888295,0.4431381185275931,0.38221031060890426,0.6638816968664747,0.7242859222283241,9.152393569517359e-05,0.7493366286691701,0.03719654822522446,0.5474377263708883,0.10708055018032815,0.01187468305206333,0.6693997238637097,0.3870597132284872,0.077432497828452,0.13772396359626343,0.09087773028150647,0.28690280514076755,0.6743627118427659,0.5547660648910149,0.30209230283657584,0.02828125036500727,0.035207469740726034,0.5367276072390987,0.45199574063795733,0.03712383307629518,0
82,0.7262237360072566,0.5735343190403349,0.49027407169532505,0.29340640415208274,0.2524049187766205,0.5327093891046868,0.5004494992007718,0.39528368852677753,0.08995572559437678,0.4556225050963897,0.482474962877673,0.08780056138817552,0.15503852354541936,0.09065083854983269,0.45669291338582674,0.5,0.05068837208455898,0.5299546978370295,0.3114754098360656,0.4148382186077395,0.8500000000000005,0.3476171347305607,0.4830332227473819,0.49586776859504134,0.0,0.9375,0.31915510649122103,0.17893685080670774,0.34861682689817536,0.06412957963400634,0.36625955288584,0.25223470705882317,0.47524539459099113,0.1483552132515961,0.6973102938953575,0.27802585894885545,0.21808045887956462,0.5050598950267334,0.34579673794223376,0.49035609468380326,0.22837361860576633,0.4408026773074032,0.4015426119479031,0.7732196223545742,0.652062935150032,0.9357457608950206,0.3090363023517824,0.4534487895517916,0.579607157466667,0.21084973902393767,0.5722625672617909,0.28039420130186565,0.25670137089371636,0.5796071574666669,0.5736260869015397,0.2504883396553193,0.046491770982444836,0.37390783280083995,0.25588357996016087,0.4227584289224672,0.3751183219176688,0.47142343880073606,0.07514512136504951,0.06155754279706437,0.5471943761652911,0.05094892723582876,0.5002634161561206,0.5402648500434575,0.3618059544567896,0.548811154732336,0.4092965436552609,0.05862873501172248,0.06584517562441561,0.35864852122216484,0.37171518090317435,0.413190816837137,0.02586096145384934,0.02672276141354168,0.02500582393350287,0.10345964263790325,0.04214085270443492,0.2919081192960086,0.36407263175515925,0.3723949886414042,0.08871203207006399,0.9030553027924562,0.2337326027922062,0.025355576348962496,0.8678066873588097,0.054763140903507805,0.18957876922496442,0.33656374089754204,0.04523508200273279,0.25212725782659196,0.4237217168935258,0.3220877424190736,0.42168258322929236,0.09329266046035159,0.05996478352657012,0.23331620503413555,0.2519255686994837,0.03639366009839485,0.051030805265386586,0.012792591595883357,0.4594614943885277,0.14486073609562888,0.015334289901237443,1
83,0.9326298903619632,1.0,0.8475031725048374,0.2870813284198919,0.5200696827242115,0.40651902772918513,0.30271494381751834,0.37888580226954094,0.11831815555147665,0.5720625781448282,0.22124911211704257,0.16237304413777137,0.25394344452304535,0.11940280633149639,0.3385826771653543,0.49090909090909085,0.050548767567067075,0.6695884034674706,0.4426229508196722,0.33522192565345676,0.9500000000000002,0.4789716992579443,0.4176169757264916,0.4380165289256199,0.0,0.9791666666666661,0.445568297989527,0.1506978039496537,0.3731179655498116,0.07813445163534473,0.25067082083182635,0.38002431778161083,0.39548791687765084,0.25051327368964493,0.723590657192346,0.4002671088200742,0.35517556153391333,0.3984229485575838,0.49337675557900174,0.6423165969167124,0.37363968587890095,0.30164884398736036,0.26492087325624114,0.6241870303341486,0.49135737069236907,0.963009070066003,0.2422535823604226,0.2994032072962244,0.49892572594847917,0.12379375154754547,0.7092436116927858,0.1988470029872998,0.1452931637965018,0.4989257259484793,0.6857495353115977,0.3839208913650638,0.0442667167782143,0.25763647063072337,0.38359297128394343,0.3644886147943831,0.2317064332174461,0.3654526168126639,0.13867540619790136,0.13066831840790535,0.6399906079785973,0.058836666529353376,0.6575007820833569,0.6955938197356231,0.21699670390176334,0.7007006051359994,0.3633834502620654,0.12868251121820687,0.10178265784055225,0.2763487714447799,0.4492103784214426,0.3670993347231145,0.0013802460641914496,0.0013083811673665234,0.001681945341322885,0.19670088046739795,0.07977264908223407,0.41149273359347505,0.49156613779179703,0.3774810807488419,0.18995004120002307,0.8384564903975593,0.4331936395206121,0.0011827801823251995,0.8358548484686592,0.0719944977714609,0.29665222880097647,0.2285046142536465,0.041679572295010785,0.38015223467228915,0.3649303030411558,0.19334543305771695,0.24615079888952746,0.07618432266640554,0.1271616284268182,0.40532038658942215,0.3541495080753215,0.1101650911886235,0.0679737343417109,0.011456427076445987,0.5622890165880012,0.25828212957140056,0.01227674235043826,1
84,0.43142398560622586,0.1595151169774258,0.4862564858605049,0.9518520544929562,0.6635775355315352,0.7180874331809938,0.9999999999999999,0.7946362735491639,0.08845819111585777,0.8597384342894965,0.0202344530946309,0.2215188393238329,0.544824750492937,0.09468999732720071,0.20472440944881887,0.44545454545454544,0.04825545479199517,0.7629407075953374,0.5409836065573771,0.24418074083190722,1.0,0.5912482035415756,0.32135844201871333,0.34710743801652894,0.0,1.0,0.5564498864216757,0.10958842833263527,0.44190168615266207,0.0536913804486456,0.172114961980539,0.49701717793469424,0.31360784208210657,0.3918459398457438,0.7381446200413658,0.537674303742294,0.3843110202882666,0.5245747845689089,0.5204435314619386,0.6616166657794758,0.39990286939429587,0.2831310027073408,0.24928205168976492,0.5935084108164617,0.46349774903263086,0.9388916694837777,0.3397722681618674,0.28641002568424634,0.4027553577969154,0.09451713346009878,0.7620087550426822,0.2993668770883831,0.12038311010492625,0.4027553577969153,0.782309160972591,0.4779746011111362,0.04278527687391145,0.17840293310051114,0.4979791651104769,0.27749131870214383,0.1600378987916371,0.26733830887220156,0.31099708822716104,0.2991788551258849,0.7001445496930305,0.06563209489296232,0.7601855562056032,0.7886589708106548,0.15044996334821548,0.7923206804292997,0.2802007277955444,0.29604267333748047,0.136133212394946,0.25253832366037865,0.4861882818149521,0.26846460836200003,0.00042951138442645447,0.0003839592401251513,0.0009437284339394074,0.38738540224041884,0.11826726563142315,0.49606926407061214,0.5732624363850756,0.28500523247953335,0.37321790793777176,0.7365260644747971,0.5931373967384348,0.0003336838100523356,0.8026152047500354,0.09205822570497761,0.41346900073604725,0.17132663819996874,0.03946076054402719,0.4967294968201435,0.2785075538213232,0.12817891887243243,0.15266875681785136,0.13509698057651703,0.2933987567423588,0.5429827820778241,0.36744954113228745,0.2592918774707944,0.08430631225256027,0.011330033547193391,0.5674461204968784,0.3274560176103513,0.01249360205256994,0
85,0.4737881666978282,0.354096156123474,0.7136605446773544,0.7317380625931159,0.5358848358748547,0.9999999999999999,0.8728877203790882,0.778808245029223,0.054353326158119955,0.717312552732413,0.0,0.17097153215267957,0.7104536559057298,0.06021731750659677,0.28346456692913385,0.5,0.031651894552220526,0.7518155149102408,0.47540983606557385,0.3860721021190654,1.0,0.5585444024302537,0.39820169044530074,0.42148760330578516,0.0,1.0,0.48997926967911865,0.1762773528509225,0.4099820554274759,0.040446362319293265,0.20097200107941515,0.48606459262269064,0.4030213509553279,0.36290405585542485,0.7070227341644231,0.481744234781908,0.2969176691613365,0.6144301891378099,0.4230488376836917,0.5875156777635266,0.3325380076342336,0.37886293180275143,0.3421586815136063,0.6897581259876997,0.5706356393232328,0.913990210067545,0.4455374624593245,0.3782879830536867,0.4979423932329663,0.1437455473953026,0.6953412104676506,0.373584370385703,0.197983377887804,0.4979423932329664,0.7419558593928155,0.4058836186890833,0.024451429752106204,0.20547627179618633,0.48894849066665746,0.3538111698037488,0.16032124214903276,0.33506961718339584,0.22302103412919982,0.22038011279342523,0.6849222040067362,0.03611087123922019,0.7624537317654805,0.7895227513340917,0.15240818781804227,0.7943150314029852,0.35913246854588265,0.21956750252856452,0.07584583111461295,0.24048134629726348,0.5275724284295816,0.3469756401856622,0.00035074465629335864,0.00037018048951234,0.0005323508286735196,0.3008380958009609,0.0704537468043399,0.5579402496410437,0.6337349366963714,0.4007859438618574,0.31177064049915876,0.7080787655048799,0.6165200623560073,0.0002647354572767877,0.7820841880685889,0.05015678663285784,0.41103537239134086,0.19089789734575552,0.0226635775217077,0.48397568289885967,0.35509261476555054,0.13195078979583735,0.18621768622079118,0.07046993060413251,0.21466931186345267,0.571282613708625,0.4584685136749507,0.22038076286660144,0.03839250621852504,0.022503241099101564,0.4625034504745593,0.28818424581917945,0.024736029590989497,0
92,0.5319982998365012,0.5984160142371371,1.0000000000000002,0.6292299091032926,0.7233107005243566,0.8499940972808517,0.5436752640503263,0.690151788395078,0.97793512319027,0.6841941293493662,0.566047977453748,0.4022107702882941,0.0,0.9774494506693023,0.2755905511811023,0.709090909090909,0.8116933359356774,0.9016868596236458,0.737704918032787,0.13083390608678358,1.0,0.7795331421264069,0.48543979042149515,0.49586776859504134,0.0,1.0,0.746503844437699,0.36584358548944895,0.37654386015631286,1.0,0.07438422155420144,0.7206395179910748,0.459515355635034,0.5394301363266911,0.7086932488182834,0.6661634658006085,0.7774075537093316,0.15180996682214273,0.8428176187198654,0.9097471279290674,0.7991919468390234,0.07693045988061553,0.0635992584981534,0.20605674618904857,0.14522906280573888,0.9997059739148347,0.0,0.07038536835319487,0.5667347242185079,0.026515551544894198,0.9273082634567713,0.0,0.03376210437628162,0.5667347242185082,0.8598917278997442,0.7296716815938468,0.3375251663443802,0.0740834609952683,0.7287349694527389,0.478070266037404,0.15650781992289264,0.4387516561057511,0.20886552684917237,0.20628265184275257,0.9184659334293714,0.6081043296013211,0.7466349566380348,0.781852223313031,0.14306372719399707,0.785210601010041,0.488394749649004,0.20523348818980022,0.9602299851374111,0.02953036754605598,0.8971528287815064,0.4975669903150882,0.000998848636947959,0.0009902217206473538,0.0013358771866601295,0.3032325880897939,1.0,0.4704967451933977,0.5497710304127403,0.5503555250671446,0.3048451323724988,0.8986232692394291,0.5334509233790518,0.0008738288354421557,0.8893723540253466,0.8556262467134145,0.40686712741098724,0.14599812388490224,0.31224679597238353,0.7202411114003355,0.47763264729960064,0.12631072022125805,0.20900068978713912,0.06612574354711132,0.20116267218433476,0.5023407243003697,0.5307299648935624,0.19509990669113628,0.9999999999999999,0.0003525622163300541,0.827895393986668,0.6950196485803738,0.00011870951178811779,1
101,0.7301149215289153,0.6355403670352555,0.8574312772720041,0.49800990356952857,0.6958657459446098,0.6533899383157881,0.6930232629005939,0.5406497401526988,0.5658638437901893,0.729182456535929,0.3406532357426717,0.37844466164974605,0.0671798773192872,0.5667999574427888,0.23622047244094485,0.6909090909090908,0.37484455805842226,0.9175045370537913,0.7540983606557379,0.10618178170239889,1.0,0.8077310976144585,0.453357494382926,0.4628099173553719,0.0,1.0,0.780466079442109,0.3415138626886334,0.40752807916715844,0.5529648887270345,0.06247145012640176,0.752836542518114,0.4227660994826683,0.5927998635209822,0.7414057404577366,0.7117927464288072,0.7861055648125196,0.19125904277275496,0.8496168012203594,0.9064538059319924,0.796128183834398,0.07321591352959855,0.0607028062909134,0.19724552484245805,0.13874897918152396,0.9906385443562025,0.036986390276550346,0.06930780602767528,0.5277599845243099,0.02314759382310655,0.9349077148673122,0.030324961111311693,0.025605827686882063,0.5277599845243094,0.8819367448219606,0.7604670911693184,0.16093364590371134,0.06273035437841101,0.7589910834991817,0.44549434510796626,0.13837730700792372,0.40287731526779075,0.2574125010941869,0.2524642550837867,0.9209521521997388,0.29832217903121905,0.7726633517818198,0.805713405801348,0.12500171942939597,0.8076621685348622,0.4569154995895286,0.2507842370236434,0.4997544862027672,0.0353750691368534,0.8740116706886177,0.4683593197467746,0.00039212470108462166,0.00042224317670277393,0.0007455047047088333,0.33959204224565365,0.5294249180997179,0.49488343065783447,0.573074048323374,0.5304280816051297,0.33028643344790265,0.8675669070792913,0.5805315453371959,0.00029046016810326474,0.874466257475023,0.43441378476963527,0.4405612942480858,0.12843815840428685,0.14798728452859797,0.7526808141502088,0.44481189471867766,0.11007856120544503,0.17788136912370797,0.08728157538404663,0.24752124924055852,0.5418408626627147,0.5414149000494115,0.22795903305828744,0.5163382908196504,0.0015160307760443167,0.8221454266447381,0.723255097144768,0.0012401864109713066,1
105,0.8695935703537614,0.8153349899057666,0.538171026920838,0.2078615142603032,0.20219003446342138,0.3583690676276263,0.24069006005720356,0.20323002898323203,0.07106268991809547,0.41280049401294117,0.4730227640570387,0.07549056474996478,0.17967161500120749,0.07143069873679866,0.5354330708661417,0.6272727272727272,0.04239312724620752,0.5715130397560433,0.3606557377049181,0.40707339063019465,1.0,0.38968398860909786,0.591464295414019,0.6115702479338843,0.02499999999999991,0.9791666666666661,0.3644053386046614,0.3546351206521424,0.27540509974825333,0.07497975229283567,0.32669657774054406,0.28810046984426113,0.5974600514233976,0.1493703435927837,0.6450425749402396,0.27475933095344907,0.3060307618098537,0.28119739933744947,0.44909996853394807,0.600735437088654,0.3186165901973556,0.33106831817390026,0.2921266736787814,0.6752384416442148,0.5364763797304049,0.9760583839589247,0.20564441104539066,0.33846578255226123,0.6967234436919711,0.16627705791259084,0.6289981462339254,0.14825091817184916,0.19326899966405198,0.6967234436919715,0.5683585526140829,0.2879271458417062,0.025499229224133987,0.3345772526755215,0.29204134605160814,0.5577299086255348,0.24501290811240617,0.5493052363026611,0.03945444731224318,0.037335698590695195,0.511272535340173,0.030479526732584628,0.6348742715406561,0.6764800138821663,0.22763027248632112,0.6808103354475668,0.558905983427398,0.03673446739764722,0.05194739681129623,0.35097420205365926,0.3717365587038688,0.5611012410082596,0.0016394814472779858,0.0020745528721318697,0.0012520861179155082,0.05107651711105134,0.03699650680920766,0.38359998004232565,0.46175611052744303,0.5781034259085104,0.04818996750209657,0.8034796123986547,0.39408529711554063,0.0014024392388719711,0.7460247943782132,0.03641007289198147,0.28234669304197885,0.23608830194670521,0.02418274921261174,0.2885289617664505,0.5583773543534152,0.20678992488198766,0.35364127025027925,0.020509648674769523,0.036662369399609464,0.3732581210581881,0.4602816925934974,0.03559315762920862,0.02934458970178379,0.020710130522664467,0.5995887216066769,0.2003235420271497,0.024668576549488994,1
112,0.8128100244625437,0.7415035211869172,0.4181323624754855,0.16855346078650701,0.3018861925585349,0.17717397511186753,0.3156147113550232,0.23525101511346727,0.05893487208936364,0.32819859003151997,0.30986808472556115,0.08541630268100027,0.2802890369354833,0.05904376365714212,0.5118110236220472,0.509090909090909,0.05653317445394177,0.46132077134516436,0.278688524590164,0.3986556912498871,1.0,0.2934183856517916,0.5251046628602304,0.5454545454545454,0.125,0.895833333333333,0.2714011674452411,0.2191783617008869,0.36138471738815225,0.046261252241874426,0.4233711034949704,0.20140440786057623,0.5162505518781939,0.15525251479053384,0.6872941388257502,0.2943186751532605,0.10674042189949563,0.8853717772199581,0.19870827087064336,0.32076627419298487,0.11447273893313144,0.6190244097783548,0.583324642424101,0.9012466237308594,0.822151274685389,0.8475894285821735,0.5956770506026758,0.6412162094498477,0.6122502155287302,0.28183269917733106,0.4834973409304315,0.5821577720472274,0.3457662603071764,0.61225021552873,0.5928876057133485,0.2102608918338838,0.049045707866261876,0.4355750955898079,0.20310477162184884,0.46673287798642027,0.5168385871862666,0.5670623615875765,0.0572822181833333,0.036660965974587505,0.5509959941412763,0.0476269923741611,0.3447815111052903,0.3856204265730705,0.4997244780843784,0.3953276351817543,0.4395256345677877,0.03240032294259166,0.0508937236741473,0.44017598764455346,0.28561973364221505,0.47986450169988115,0.08462317424935306,0.08548039928322829,0.08579022252188143,0.04659540216700704,0.030520882073455914,0.2956187037229808,0.3716653430707699,0.44980654285526356,0.03125445544764047,0.8893497191744033,0.1290450879369205,0.08367156776541017,0.9848264969899243,0.0460620093083133,0.10959782247216288,0.5000342303167858,0.04894036664397155,0.2021245361291093,0.4670786717405143,0.4837623951743986,0.6432491510033511,0.14443606507826434,0.03642996419108042,0.1444283525871625,0.20671532801106723,0.009047859054697443,0.04127137359702085,0.014519368704507382,0.3203506529982867,0.08491119613294457,0.019678974652290154,1
113,0.683452450206818,0.25009579856715936,0.099963251857295,0.14489998379516988,0.2228810698488975,0.12848784921694187,0.18177867095433797,0.1477319579131748,0.01083991892591123,0.24267907760305127,0.4595503819259149,0.019899692775868952,0.42442296882620667,0.010893926106643803,0.25984251968503935,0.5,0.009141211535936654,0.7522928650785099,0.5,0.31446910205553325,1.0,0.5670322617831751,0.37875338215655463,0.4049586776859504,0.0,1.0,0.5200350309174319,0.15396409095275243,0.43578304512461785,0.007363283833557995,0.19249089103541595,0.48102975421706895,0.3317181410796868,0.37604079121487183,0.8122872411795645,0.500875653772431,0.4031952480033852,0.4469081284267884,0.5370273333781261,0.6797950101741761,0.4263845766225266,0.2697534718780912,0.236232333749828,0.574542868238602,0.44661726959267156,0.9255353363912187,0.4339802481944664,0.2719479618238003,0.4266097111407572,0.106076914601329,0.7438010220434503,0.28508825323987225,0.15536312494656412,0.42660971114075685,0.7521490772367572,0.4647308328101445,0.007124831345428132,0.1958721690080032,0.4872868533096618,0.33529801472662013,0.19448397108996462,0.32438239803606944,0.22092209343423092,0.20874139125464208,0.7207165445305197,0.010558484287951779,0.7059840473581929,0.741109864519987,0.18058721477291956,0.7446117266610957,0.33780530310659096,0.20563275761834135,0.01733773061739152,0.20596136239243878,0.5538137809804718,0.35431638442113056,0.0007722467454735351,0.0006330371500993678,0.0013616354383486047,0.27983135267031156,0.014109070896680183,0.3994549149995298,0.4704587543433225,0.356116706863969,0.26097581692822236,0.7909304627734746,0.49497056353889424,0.0006227475953136221,0.820784235612948,0.013445700046904072,0.3590959516649948,0.1934863707780346,0.0066856611571448924,0.48202816247200514,0.33458971280460936,0.15898326002632118,0.1896098100136752,0.1129210470137797,0.20446442665219955,0.44960748570950315,0.37258728128884633,0.1664238306419768,0.01210042210566445,0.06726097207364307,0.5608931101550702,0.3277953015321343,0.07226862720526112,1
115,0.5263880727307257,0.2959779655093496,0.35646884478479646,0.42439835161216366,0.37131725641074365,0.6240096992836744,0.5324827605351454,0.43849889543718445,0.13697758092402404,0.4675447865048179,0.01040724092518791,0.30695526207783136,0.47544821250241887,0.1377153792505904,0.7401574803149606,1.0,0.30102033336690603,0.620523034729326,0.5573770491803279,0.2777219781972735,1.0,0.5387524495947438,0.8924040315902937,0.9090909090909092,0.0,1.0,0.5488322636912258,0.8833970839296806,0.0,0.20926796282798807,0.24051100062520747,0.41354918357722736,0.9999999999999999,0.34650194022333336,0.3896498861456259,0.5213816903731749,0.19428251635519128,0.8965995106416658,0.30963198852320284,0.46671367705008837,0.21813416065556862,0.49037994120472206,0.4525762028162945,0.8021000734027517,0.6952111364088926,0.8554562017131377,0.5994174187352184,0.5012404495236076,0.9999999999999998,0.15541696233523117,0.6148912729051033,0.5949303799708225,0.14598638161905142,1.0,0.7476284385502496,0.383315954989324,0.06909388624804753,0.25526955941387197,0.41040184943656366,1.0,0.30889708955319817,1.0000000000000002,0.0,0.0,0.6248039045859048,0.0894950183198663,0.56431097208293,0.6055884531125626,0.2944722578662938,0.6139042614286616,1.0,0.0,0.16086104661266978,0.4883790271772752,0.38480865314279333,1.0,0.004403937994353774,0.007106378013021047,0.0028168119887823882,0.0,0.09875466360801964,0.33239982687183134,0.40968418435203335,1.0,0.0,0.8271781674695928,0.3416828065819497,0.004102523319685371,0.9459987969939463,0.09978745618074862,0.2196359659637634,0.3248609730155507,0.06532132568548944,0.41192295547803953,1.0,0.27260190182149474,0.6934172238169731,0.002508067762788335,0.0,0.3174139787960949,0.6666184682664414,0.008970041964261356,0.06385169130861024,0.007789605191433806,0.596866529659405,0.20400056736271485,0.014866693940690508,1
116,0.6140072636359981,0.5105084827778799,0.30073901997946845,0.18748034762081928,0.1795776817913476,0.24917688220145137,0.25974835691842535,0.2092998803592597,0.05870900611516306,0.26433772832500657,0.5350133910845661,0.0607574907784711,0.17534792246187125,0.05878224396527559,0.4094488188976378,0.6909090909090908,0.08421140257460973,0.7749615709770006,0.5573770491803279,0.26141439831927094,1.0,0.5990048866308846,0.5519604563956177,0.5702479338842976,0.0,1.0,0.5609685093328053,0.37556694073161967,0.2805375914707774,0.06388869494807853,0.16729695013342782,0.5092218256592842,0.5658422578152774,0.43123261538413504,0.5783593650304748,0.5689294239681231,0.41577483029391515,0.510639372738711,0.5521085037927428,0.6927951399500014,0.43388416059402746,0.2536097334339591,0.22033195115794313,0.5603989591508238,0.4296556548233683,0.9528740361972252,0.3126621907111486,0.25643943337876096,0.6556647940046125,0.08109147103974469,0.789676939829586,0.28496771319581027,0.10522486914561496,0.6556647940046126,0.8029318998647748,0.5104847061647587,0.039102944184988504,0.17042928539774516,0.5166799104018813,0.5320256990965805,0.24516434446553492,0.527628250096901,0.09983164700237003,0.09505364405830058,0.811569747239866,0.058393652749491085,0.6343238732403553,0.6755691564047588,0.23034393043988277,0.681860492890566,0.5321410450512261,0.09371832663274599,0.0814161425446778,0.1415265998107702,0.6564441491831831,0.5235492356944103,0.0021136337124206452,0.0025731396763938605,0.0019348099398464453,0.15829967605895895,0.06587481548659142,0.3297650741664314,0.40542750696101404,0.503408204600429,0.14883696728251383,0.9818770633436067,0.3752464454523504,0.0018548901274746872,0.9318188403208199,0.0717440389329323,0.29245195079673064,0.219249030796964,0.036933491568030455,0.510729612837383,0.5334880542294925,0.20372478280491568,0.3430233580122966,0.04871580746571985,0.09205515713157789,0.35292408726454283,0.4147563719484809,0.07997340253108903,0.064169555225925,0.011969367503064621,0.5830795834630631,0.3558276441333289,0.01245778363363726,1
120,0.9382898258031835,0.6125202727076975,0.08926380540764602,0.0,0.0584157436442858,0.060582923563520574,0.04107211156791482,0.0,0.005550813136815241,0.10760659355230742,1.0,0.0049787531774926315,0.2687278232928071,0.0055229988166045265,0.5039370078740157,0.44545454545454544,0.0019819748766726343,0.388919390891032,0.24590163934426235,0.44962459783254216,0.0,0.24482499506915617,0.4857637165896612,0.5041322314049588,0.675,0.020833333333333037,0.22991408032465466,0.14169756623267882,0.3547196555749777,0.003880760437317343,0.49199223792148616,0.1601970260255256,0.24715074760021336,0.08063757927063178,0.6939592737116764,0.18595290815497026,0.14025905757291662,0.5622612648446875,0.24683733201825797,0.3758973382996138,0.14986675984305758,0.5526031297024079,0.5146779639135609,0.7506980323021732,0.6298375029548318,0.8567705164285497,0.5821477115955485,0.5784263748116136,0.3389595277759956,0.3237864530256177,0.4204859610736398,0.4026303332717135,0.41687215469284383,0.3389595277759957,0.44848752650590074,0.16137224081337098,0.0021651838324747304,0.5072370152442943,0.15969503279649191,0.2344579547534132,0.3670369334330732,0.275401557519998,0.13924372297776527,0.11431871093536292,0.32234791994513134,0.0018752903482047519,0.4843143011377422,0.5347934342830856,0.3442712601602855,0.5378454401270947,0.22120901576586632,0.108682035594144,0.0014310324995119778,0.5941312253252014,0.17967315153440333,0.26821034700244817,0.003979347860854923,0.0026285046467276166,0.006464847784335763,0.17142204103144226,0.0,0.3490676109409404,0.4263837768273313,0.23980210168476535,0.16386684674794394,0.558025299880117,0.25190667227496427,0.003489539455451756,0.7156215081865511,0.0011614575562554521,0.17502085444195753,0.3500715159580662,0.002147617282756464,0.15909683307614908,0.2333057545690249,0.3291107614875052,0.28430018913250776,0.18238492913004886,0.11200658404028957,0.24860624013578794,0.18152590915945643,0.06601461919905979,0.001904221702293163,0.26893885416124735,0.1644947902325448,0.1410956653466706,0.21754077368307578,1
126,0.7737287234091249,0.4715434930065163,0.8426788860932724,0.6642991200822931,0.8049676276273675,0.7937489073881809,0.6765895113291858,0.6258352630805052,1.0,0.9999999999999999,0.05968536994997753,1.0,0.1518160665868672,1.0,0.4645669291338582,0.47272727272727266,1.0,0.4907940278425804,0.278688524590164,0.475276242785462,1.0,0.31154046120686324,0.4748173152466534,0.48760330578512395,0.0,1.0,0.2806817522021726,0.15388032664369955,0.3768105956652868,0.6606685611481472,0.40690104054817533,0.2221694805047431,0.4573159599599639,0.16828648629773987,0.7102061925885185,0.2943056512804385,0.154760726708928,0.7241355785132327,0.2584106361890345,0.4001395219298316,0.17292462211339416,0.5505682530020848,0.5149267015237077,0.8469009444960882,0.7542464191529454,0.8934771311261587,0.4576640431206442,0.5762601057724399,0.5579689041387532,0.25416099082447974,0.5307059230479083,0.4495656375232243,0.2954380531468936,0.5579689041387529,0.5926808646755486,0.23174609050176298,0.9999999999999999,0.41424162514621965,0.2272528058301531,0.4108335338275466,0.512644633993915,0.5049103944378712,0.08142711719401317,0.05750881143865174,0.5956524831996832,1.0,0.3530647346869249,0.39250638430323015,0.498042907021999,0.4029357646331837,0.3854570124346839,0.05251354189963788,1.0,0.33508597750997815,0.39155285076014035,0.42586663078253784,0.9277570515727747,0.8626261258529176,1.0,0.09653295875811557,0.6330472300654914,0.25395559033658366,0.32132054436111757,0.3784103759096449,0.07195897291265134,1.0,0.12326833526445485,0.928266424688171,0.9880983249606672,0.9999999999999998,0.11754742286138847,0.4800716850310474,0.9999999999999999,0.2227948891009061,0.4109107931306032,0.47336983082806255,0.5752197349123471,0.16580704694259962,0.056191322752684285,0.13765993667234613,0.18053779893079308,0.019417319970022613,0.9511993982708189,0.0,0.3482204851903604,0.10317342663413465,0.0,1
127,0.5773997475103387,0.6521267971026347,0.5656692338630986,0.2978135260098598,0.38254350159061323,0.3345707587555369,0.3017130414801938,0.3637562739789738,0.09812651097489286,0.3691281812343654,0.44828836801193306,0.09777086698822006,0.15937770579776456,0.099578839626616,0.5669291338582677,0.5636363636363636,0.022818064496130896,0.4623514188175206,0.2622950819672132,0.6071119913408447,1.0,0.28778169165185524,0.5698285055761855,0.5702479338842976,0.0,1.0,0.253408831760787,0.2909935693826301,0.46800825469728435,0.0907791475931289,0.44388897523480375,0.20771244019855517,0.5530789099839291,0.10897524479648762,0.7174287491116014,0.19364798429029192,0.20769800281016326,0.35263878425976647,0.32505214625654155,0.4691596357303145,0.22572230902950424,0.4713811587689989,0.43356402697886953,0.7869541454662805,0.6781003890956017,0.9271455472340294,0.3376501337405143,0.4899428062438489,0.6573149308106498,0.27905838135894395,0.49875990500734546,0.25735719214038105,0.33646919433649164,0.6573149308106495,0.46336217421280157,0.19609339819036475,0.017676990398861826,0.4531223625464148,0.21041715270979336,0.5238112581852928,0.31525782346666564,0.5411113519977251,0.037105747695525534,0.030115939572635315,0.3901731458018247,0.01810898791447456,0.5765276375963961,0.6123471913166831,0.30252255859561683,0.6179360221481289,0.5197480689865378,0.028652902110002078,0.030578456960457922,0.49123149420821943,0.2433646704127126,0.5607596323625933,0.002580809613156396,0.002768628467597295,0.0023798891868420853,0.029701534056887732,0.01809539162185371,0.3311350546577956,0.4081817389158302,0.5582963772139052,0.020946026445582383,0.7876313182805328,0.3338066052587707,0.0022637200996984616,0.7373134350974544,0.019805858581372963,0.22965323693020762,0.30976234537279385,0.017037622632494268,0.20791251208133898,0.5223030257185962,0.2647009822151035,0.39512011490078836,0.04526507216691089,0.030074743721707466,0.31444325268270623,0.39950594304674963,0.0203402885794595,0.01542226688474859,0.03588993556271055,0.46655653636206484,0.12033079377347403,0.047142415267063725,1
132,0.6649059003761909,0.719556946405976,0.6163665863205416,0.2927162223648491,0.44950061564824884,0.32092138008073634,0.33026874128283396,0.35502103722635914,0.14672558796526647,0.4171354893925242,0.21148095302039038,0.19164244542695316,0.23564769198817614,0.14665860332487932,0.5118110236220472,0.44545454545454544,0.1702035798336814,0.3905735003823083,0.19672131147540983,0.7523014609556613,1.0,0.22863848984949625,0.48766734169340453,0.5041322314049588,0.0,1.0,0.1946953554147205,0.1453228589638118,0.33024349989505897,0.09461706038573742,0.5226324192304136,0.16187921054339421,0.4839499446679161,0.11796842274449701,0.7473621534729269,0.2123604797985896,0.07738778407375226,0.8676511913040097,0.14868729118069463,0.2554661070147135,0.08725070269661774,0.6998446615348177,0.6712407506676501,0.9366036409127858,0.88376390022108,0.8498150580832261,0.575237568902063,0.7364910637498967,0.5853295371234595,0.3894573618503721,0.4003972819014232,0.57234519795805,0.45125181368213035,0.5853295371234596,0.49873650709416006,0.14880190430602525,0.19118762094744726,0.5271928411464547,0.1680382452186179,0.41653915035933886,0.6415074215868553,0.5628027168666399,0.08237488797708377,0.055120219862659865,0.5321563615722154,0.16365403663684228,0.24164338073237301,0.27185131771302196,0.6338601604746067,0.28587614211275447,0.3791541919684972,0.04979538416697115,0.1474029317910048,0.41326967697649497,0.37264487006006963,0.37341834826231635,1.0,0.9999999999999998,0.9965860035619218,0.1458917838541659,0.09119315842151486,0.2912147948382684,0.3614253050069596,0.325360361557509,0.13446878677519808,0.9107985615671828,0.07130707457689248,0.9999999999999999,0.9876271333214057,0.15191320588402304,0.06757927623663723,0.6260731163121657,0.19689747580473793,0.16180410301162135,0.41881102412869875,0.6176042163787118,0.7637427179158593,0.19806368172549985,0.0523345573626113,0.09157825139374651,0.13260998079242386,0.02275480080871231,0.1422837606069899,0.0037574737799794334,0.25407124062361386,0.05864150194830068,0.005322636104094754,1
133,0.7790686175313081,0.39507080519274484,0.17419079173887309,0.1376993257188725,0.1471991549194348,0.2271467193243419,0.1795076336664675,0.11415444494788454,0.02653327439963085,0.2705465667387973,0.8469993312556073,0.023703594744546613,0.1582718814577182,0.02659186107459476,1.0,0.9609090909090934,0.03515144969060093,0.2372188361542258,0.16393442622950827,0.6322599239290461,1.0,0.16258021450853027,1.0000000000000002,1.0,0.925,0.22916666666666652,0.1620510419013188,1.0,0.0032976122292640575,0.07625403992625907,0.615489606193508,0.0941901896798005,0.8062469954628947,0.052906322189330446,0.6045140733391047,0.12264954841419914,0.05934554466244456,0.7580102986632967,0.12730795214460844,0.20685705415972633,0.05827715006644478,0.7160181652905109,0.6866343213517572,0.9064407540440556,0.8257408088482281,0.8668926588850354,0.5247182301825299,0.7659761744927442,0.8686343046397367,0.45706495695901644,0.2898462836820377,0.524637655780231,0.48277436344400465,0.8686343046397366,0.3514285394257799,0.08783431209639667,0.00962468149304016,0.6346163377107584,0.0928766188703326,0.7326051386058453,0.564790228218931,0.8874116408891142,0.014108795263024165,0.0038798741508067475,0.24129078631505418,0.0073697266529114,0.30054837196252215,0.3410898534432363,0.5439768761316198,0.34637327790631467,0.6915692384500246,0.001918718418043426,0.006737508164073171,0.728984557271948,0.1423377504394011,0.6723873412911847,0.04428071063564319,0.06643304485889116,0.029515932467776552,0.01985726395159343,0.0019581346732966474,0.21804650747605814,0.2803193951749685,0.563737836992549,0.017229100993606153,0.6526649042362473,0.09077067776355816,0.042855854834397605,0.7753587135288469,0.0063271936250512495,0.09846844762871199,0.4986331110942193,0.009749831005621629,0.09333532733997063,0.7365336727299258,0.5238165383263303,0.9999999999999998,0.06962944102193147,0.0035456594682367337,0.10692538191032261,0.24505426760869142,0.0,0.006035980032118655,0.08115232384453801,0.19361404734164286,0.07264570611432924,0.11693116952913181,1
135,0.5415502963146976,0.3103711178395646,0.13693939327775234,0.1484412322318014,0.2114886902754577,0.12582508103459206,0.16016086617774605,0.1162575007599658,0.01997898588395975,0.19011018619983408,0.5372016519239136,0.027868181175508967,0.2916791224091092,0.020051455902744906,0.5826771653543307,0.6,0.019350125926532784,0.4610926531375914,0.2622950819672132,0.5492116686728414,1.0,0.29954112834650254,0.585206281697503,0.578512396694215,0.42500000000000004,0.645833333333333,0.2652243117112566,0.318611759893922,0.7364992944333828,0.019710981201146862,0.4410145674735071,0.216537914565545,0.4783946875855466,0.14999047662848178,0.9427261468949695,0.2618316139789232,0.11399077144546703,0.8088561064788844,0.20333022748525764,0.33775300146741216,0.13055444748607586,0.6263091460955288,0.5919890495171185,0.8734796482975433,0.7905050412762815,0.8628336814634158,0.5653799733076263,0.633854893528732,0.5785930486598425,0.32176314384540533,0.4558606763731181,0.5463874759197785,0.4187101355911173,0.5785930486598426,0.5381395228468002,0.19435209492116962,0.013362653833077809,0.4438310206665874,0.22261879893853367,0.4403503782039625,0.5182365961776478,0.5312705585010666,0.06219649863901015,0.04046092037105244,0.5515877365411619,0.012771084608093692,0.3522661108109899,0.38787495333408994,0.5101907774358654,0.4035265612144876,0.4164625598200854,0.03609629583175055,0.013450994262327595,0.3974119823797153,0.34789178259401576,0.48343301852621856,0.031663958173275136,0.02770141705645778,0.03659599062394964,0.05316266415720873,0.008555110108693788,0.3595085782526898,0.43892943162842357,0.48093741492969266,0.04452938612872416,0.7605732850561262,0.16363853064760425,0.0308612429337189,0.977828255061012,0.01115728696359047,0.09397300975923412,0.5813916153958018,0.013520932619230252,0.21662486024087457,0.43792756736635763,0.49933312237718946,0.6061528289797091,0.16038641300984333,0.040121487532341384,0.1765397981735122,0.23334491298424304,0.014743253211467328,0.011977180853335398,0.05319435016935409,0.2891146561635536,0.10920897066438529,0.0629857473710501,1
137,0.7940294086953116,0.829219504309648,0.42530033045123644,0.14446924868629563,0.26089395528338,0.27278380539859826,0.15128451501409257,0.1701046650502205,0.03250977944203129,0.2859285381321881,0.4428217208731222,0.04545504502560323,0.2780417869960177,0.032620218257930614,0.3622047244094488,0.6909090909090908,0.03190965583189274,0.8244693929815394,0.639344262295082,0.18130008134905617,1.0,0.6711703254091479,0.5209109563147387,0.5289256198347108,0.0,1.0,0.640850390258598,0.3605950110926005,0.3593071444232867,0.034377094799431344,0.12754168409422706,0.5839277595600911,0.49747953018602986,0.3982885769479257,0.7170954605101146,0.5511206849732964,0.6131736093709762,0.20445539447312455,0.7238036428089195,0.8274459275651036,0.6309379514697357,0.13571495446395176,0.113386854304237,0.3603939731330872,0.2563948377343639,0.983734906391541,0.20314216554897468,0.13654968975954962,0.6026066130801768,0.05341386368097846,0.8511010992607921,0.07399899154495532,0.07470937262586316,0.6026066130801767,0.7905050126797182,0.5883364688431635,0.01441782962369197,0.13018364362487633,0.588775835742771,0.503913574464542,0.14139085775623705,0.4565740393876829,0.11242738666765671,0.11403625055798,0.787237353104997,0.02395780513874996,0.7646910552717752,0.7998697404568915,0.126978741997594,0.8014722150503353,0.5164110942264424,0.11407826372306257,0.041600412915022845,0.12136754256257332,0.6868975652850157,0.5187956267452419,0.0004753896868459357,0.0005724880955805421,0.00046383954511444893,0.15828967204328037,0.0415975023235602,0.516364185936298,0.5945414681649617,0.5897863522742739,0.16512086590539032,0.7834586916889807,0.568167219284742,0.00036791759551614377,0.7880016727853465,0.03383887908551388,0.42738905222733875,0.13413556356264567,0.013312873247277777,0.5836457839377174,0.5039109961675196,0.11430840908278757,0.20615595888502267,0.01966419538774862,0.11159220455199001,0.5379274684679622,0.5798291674251987,0.11982565688939886,0.03192427784970908,0.026991901328382684,0.7557125532246081,0.5074325693387811,0.026957477685656824,1
139,0.8621328818306304,0.6536930133030373,0.27454956388200913,0.11127550925997884,0.14121645892782414,0.27196832706534013,0.16916799695255957,0.16854342282582133,0.03200537143853524,0.26249743490917277,0.5333091168439303,0.0395141902523719,0.237614058388728,0.03213144447560678,0.25196850393700787,0.8272727272727272,0.03468117637722178,0.9708853880970238,0.918032786885246,0.03742792709489384,1.0,0.9296218532586877,0.5428018384079769,0.5702479338842976,0.0,1.0,0.9272250149630183,0.4957281704657487,0.27169516206975086,0.04018384935301583,0.02058849197587953,0.9060196532436614,0.523489751085687,0.7353895093710832,0.5623827557028408,0.8202714709487399,1.0,0.09952381918039921,0.9999999999999999,1.0000000000000002,1.0,0.0,0.0,0.0,0.0,0.9898227649652065,0.1886519206171613,0.0,0.6285558273346143,0.005876046707375945,0.9815711059920613,0.01941176663300953,0.022978940007680138,0.6285558273346147,0.9292329226262281,0.9201592214893323,0.010005022842128074,0.0206881172527974,0.9092586985426464,0.5632795345041689,0.07477015499941375,0.4849579085710691,0.23371093073558658,0.2396066330946724,0.9310210685772375,0.02091559007270235,0.8573796136296594,0.8849631359117653,0.06243385397349442,0.8837134056527818,0.5850034049752262,0.24042525930345857,0.03896017873165745,0.01653294978469233,0.9462980705561673,0.5434884573621664,0.00012213881799199477,0.00023050171015691118,0.0002190961179192248,0.30216346760455814,0.048866211754945106,0.6481645668669362,0.7148723675040494,0.6509192611804683,0.3225251036124233,0.7092006908828026,0.7392167776894885,7.576334790504554e-05,0.7747173128552438,0.03500002039554475,0.5918739303289986,0.07666654628825655,0.00905318422129799,0.9063903748018969,0.5654675852691887,0.06123480387853604,0.16525516177764088,0.03402532888465863,0.2356078700435275,0.6991021831714256,0.7509566865944262,0.2633998333403055,0.03631413295471307,0.028378529347210812,1.0,0.9934943172659213,0.028017954058620318,1
142,0.7228755638359746,0.5104474105997914,0.301901950409084,0.18842692604869915,0.29358428246606194,0.1964229706401133,0.31275223707099636,0.2602023413145067,0.04473058001588105,0.31554402656774416,0.47694444261901514,0.054243874365827845,0.22483407497141789,0.04502328169335753,0.2992125984251968,0.6636363636363636,0.025902732420902942,0.8574021319220431,0.6557377049180328,0.18439942007677979,1.0,0.7087637246789793,0.47967000193591475,0.49586776859504134,0.0,1.0,0.6682613345022412,0.32869075698157324,0.38093947052661864,0.044068084040780685,0.10804300752837648,0.6368321724862906,0.44508897666078384,0.4523784969795772,0.7114198475635248,0.5930093775863513,0.6583358645832267,0.19976327342722494,0.757067783272653,0.8483704470324376,0.6753537248230183,0.11951696177760696,0.09957882187816736,0.317465524342019,0.225133588299542,0.9774188279565892,0.22128677652621992,0.11587315531771414,0.5514484384979079,0.04706222127433242,0.871444151908227,0.07471004730920836,0.07035520370383744,0.5514484384979078,0.8154755137182823,0.6332471098057547,0.01206549695883843,0.10966299856795358,0.6424449816830798,0.46212268874200946,0.12994294388178074,0.4141527085884453,0.18340809439320754,0.18301506308611667,0.8191922862634025,0.020923196963567373,0.7865232019010935,0.8174381541750568,0.11828839574035595,0.8198788939334731,0.4752201667916053,0.18251702598515618,0.0375398440705502,0.09915055788078164,0.7334284313042087,0.48150495222989087,0.00031120614426779667,0.0003661848347868245,0.00043606501248713315,0.24179000774094125,0.03926682530190991,0.5398086115191183,0.6160146912418314,0.559433091817851,0.24818140368693864,0.7649444095664082,0.6171346203902394,0.00022537565069390595,0.796233125165239,0.03047621553327814,0.4578289392635628,0.13365678273326909,0.011110418005388168,0.6363529665435164,0.46149591598743545,0.10527894668656763,0.17783293977706777,0.04801245522256695,0.1794404928955853,0.5772159297743258,0.5834718092950215,0.1824793894906704,0.029488431653165188,0.031569129763034436,0.7531708888795833,0.5651911629741984,0.03064216579916455,1
143,0.7973964345716567,0.719163483229494,0.47848632573216904,0.21200069611700822,0.25636502235155506,0.40011474156619775,0.2795343353317201,0.2980772030603025,0.057555051020185384,0.3834091649008865,0.17033030956362283,0.11072192595613307,0.40074510577109423,0.05795401956437249,0.4330708661417323,0.5363636363636363,0.05546502134399921,0.6034202870303726,0.39344262295081966,0.36215158457860164,1.0,0.41512186747525587,0.48811172973259265,0.5041322314049588,0.0,1.0,0.3814730015100126,0.21284526706338758,0.3253770725429863,0.04473735931240393,0.3023254179470335,0.3147446782892429,0.4950917478456901,0.2757125593437562,0.6531012785110308,0.4272181567443166,0.1750303672332606,0.8461811284078492,0.28561274401062897,0.4292301886832999,0.1921595730962517,0.517496341814139,0.4807135265808824,0.8234997215161819,0.7226594094762904,0.8558297601270046,0.5653685542044065,0.5373626430213778,0.5869595111655785,0.19420455214942545,0.599661483957459,0.5491104944700776,0.23449681645994058,0.5869595111655784,0.7081405307059665,0.319181642878207,0.04325657021685158,0.3109462698721509,0.317890072375401,0.43406480457880403,0.39051119325248895,0.4917434771976645,0.08539744037530898,0.0704614242162086,0.670251198241389,0.05066737975297477,0.473373999173754,0.5169980821754958,0.37355343902864785,0.5245751708836925,0.417523315206045,0.06712841947350631,0.06882435196251063,0.3455166459660801,0.37343580823799494,0.41045240439091213,0.008069741707921806,0.008464441889131176,0.008082442525361415,0.12034224533943122,0.04250919593875268,0.25327843964741203,0.32303954437667604,0.3525145700290704,0.10726347337544644,0.9816176832127659,0.2513511327994913,0.007585697906888824,1.0,0.052543349828377994,0.16680011238120485,0.40318678871550084,0.042064346129028755,0.31492202173238343,0.43628461925715734,0.3541203528108687,0.4790155180275662,0.11136741553299787,0.06818689153108756,0.23537834766763369,0.2533704254693184,0.044277285053043326,0.044549626327646225,0.015474438351130805,0.34904195325236553,0.14529038432671335,0.018336871011628213,1
147,0.7018341151407869,0.7726469055711614,0.5389901707473322,0.2246338256884624,0.21953983036366742,0.3744450199220234,0.3084425498558595,0.22888162838685236,0.16635197081964137,0.35234804268218345,0.7878643447409875,0.09493889942260053,0.04636623839405846,0.16625172987826894,0.3307086614173228,0.7181818181818181,0.19499751585042419,0.864436792799768,0.6885245901639345,0.16488131395148908,1.0,0.7221964709945505,0.5206246750475978,0.5371900826446281,0.0,1.0,0.6885537921440081,0.38367225147998407,0.3036752579794119,0.1792900371315664,0.10010646451232463,0.650235778332553,0.4949989144421417,0.4599172374861938,0.6325420957545378,0.6035295980054769,0.7039868125760714,0.1595957501858572,0.7934124436415108,0.8767820407220241,0.7208687129679224,0.09738387939479021,0.079786078810818,0.27304112813921044,0.18968618086351174,1.0,0.037953060872887606,0.0921020145195669,0.6013057181146995,0.036971328040016446,0.8962994082401681,0.009428175538360423,0.049550144691510034,0.6013057181146996,0.824193228028852,0.6598820825163384,0.08137130839547153,0.10029752561258942,0.6595689158592329,0.5110035298441945,0.16757855801488875,0.47289930100940075,0.1586010803149444,0.15821450816767554,0.8750449583324347,0.1396645454346249,0.7305911032298966,0.767346646400739,0.15338842948055992,0.7709569310649051,0.5208641449889556,0.1577486601010784,0.2157080313883384,0.05204308247765588,0.8520516876587777,0.5294529550858198,0.0007508766615962048,0.0008483372458871944,0.0008610268414184757,0.24767775598872607,0.21706742971258783,0.45693431453129874,0.537357380627449,0.5815729929437813,0.2557525073745658,0.90265001469314,0.5028782014081595,0.0006066351743015517,0.8655585903910268,0.1917014594117872,0.38647155093190827,0.15228648173543835,0.07558404890179714,0.6506081145810014,0.5108489532920307,0.1354801649741299,0.2342058545441813,0.04294410036027861,0.1537127684255749,0.4779612298521517,0.5345218719735279,0.15725110082202642,0.20395503901526257,0.0039972818240721604,0.8047617832201308,0.6044155913917187,0.003672619792384438,1
148,0.08040275129402988,0.15304545901538383,0.04040484613500826,0.13563122494145968,0.08066030413440047,0.0,0.1214411791288999,0.06370598810245526,0.0014908318057522863,0.0,0.775023766622618,0.0015607760416603807,0.5144822223414147,0.0014227609212578917,0.45354330708661417,0.7999999999999998,0.0016521342121098232,0.7610270793403955,0.5901639344262296,0.14684058619697793,0.9500000000000002,0.6309988418425225,0.6070973868436524,0.5867768595041323,0.5249999999999999,0.5416666666666661,0.6062644303273743,0.4613274770681973,0.4327787186080126,0.0029167860895278025,0.172005795823572,0.5321853522700714,0.40376730316184706,0.36578286493662404,0.8016982784692462,0.5368136702732647,0.4961206804525073,0.34634104933065024,0.6375435785942327,0.7263067278166835,0.49224648582122965,0.17582337105753565,0.14230751221614324,0.3603656981704635,0.24781030576792595,0.6842556502822699,0.8640247257550293,0.15330686131250404,0.5051658831764356,0.144037189381725,0.6279474015825277,0.41277171416569114,0.2694900632597018,0.5051658831764357,0.7181366185806168,0.5275108337961782,0.0003022474400503159,0.17771787137093875,0.5311928305716962,0.3994598485383535,0.07839321862107096,0.34313848348936865,0.15564854781446918,0.16204601602807706,0.5956402136783794,0.0006234477598560704,0.8436671581010162,0.8779522179831991,0.06028883060154373,0.8711871692215727,0.41433884136683696,0.1630750546835426,0.000261388939078123,0.23969922749792927,0.5284131201233299,0.4109934978845434,0.00011848962364183911,0.00015862143600900363,0.0001106051832109083,0.20963619990369034,0.0002860462324668113,0.5324566321098445,0.6005860440048265,0.47549715746110477,0.2304060682314803,0.4967013763894932,0.7261231666841964,6.861940941196425e-05,0.48419438709675866,0.0006381226826236604,0.5892947433800997,0.07062824130089933,0.0002886828721231127,0.530570720251748,0.399041208304028,0.06303665681648511,0.11499835672793601,0.010654741971501042,0.1592233749883729,0.6549144502429334,0.5849860560451109,0.19082690949409628,0.00012613324720079548,0.5483908933380832,0.507941866626736,0.5117954700136649,0.48189469398987295,1
150,0.7129899869234732,0.6480023046665238,0.3766565706288678,0.1786917571669328,0.2235046767069936,0.2582840710215829,0.15744742801089945,0.1868980414305028,0.038716875127001546,0.29833493716561676,0.4747516456412393,0.04911995135983938,0.24176056072999508,0.03898644706692799,0.5669291338582677,0.3545454545454545,0.014309769949705228,0.11224951115685178,0.049180327868852514,0.7572144519045789,0.6000000000000005,0.05933392957516431,0.4705195625356973,0.4793388429752066,1.0,0.0,0.04606180860193143,0.057074995199898115,0.7200211921714934,0.01999513691815601,0.8304129372413283,0.034453525672012625,0.09633180752657136,0.025189405663489466,0.7777558648934878,0.07055968809529273,0.0,1.0,0.0,0.0,0.0,1.0000000000000002,1.0,0.9889280354186027,0.9853267416129743,0.7546124978847323,0.678330107133511,1.0,0.14167856451487304,0.7967546029421035,0.13395994787963006,0.6829300206372139,0.9885216087893658,0.1416785645148727,0.2704204416551206,0.030561068686909387,0.025381819643614932,0.8376622516250621,0.035708576710105716,0.05800633181668363,0.9999999999999998,0.19780539543521275,0.3246065118768049,0.18426810317161751,0.28672050932503446,0.015052252619449865,0.0,0.0,1.0,0.0,0.023953001800281593,0.158678462893268,0.011185918344264589,0.7612682588551813,0.07727918731112315,0.09355241600773237,0.1524615122246394,0.06403446933690138,0.3710742862575855,0.2745687314997479,0.002206134441484381,0.0,0.0,0.0,0.13733855563225716,0.9238001120510666,0.0,0.14876669941619697,0.9393210682481294,0.012093330261315836,0.0,1.0,0.027762257195105958,0.03485091733008852,0.05624186448681215,1.0,0.4875241580304715,1.0,0.1808646822225042,0.0,0.0,0.022275259892810616,0.023077496491608247,0.04518070602856326,0.0,0.017217129398623215,0.050730676419046244,1
152,0.44050709602759175,0.32669687263978,0.13907362188269146,0.14036456112835533,0.06371306387259847,0.2358016999855316,0.24992402132740515,0.18139868858654376,0.012823914984742269,0.14222402023815034,0.48934466396887655,0.02151454456332976,0.37870141671855684,0.012902264773907943,0.39370078740157477,0.7181818181818181,0.015675375423513032,0.8079868195825002,0.6065573770491803,0.20989183580686466,1.0,0.6531068373221369,0.5568444527638347,0.5702479338842976,0.0,1.0,0.6182035415811125,0.4016092854201424,0.2935214562490735,0.01533174217521178,0.13825103418125462,0.5648449002194209,0.5367491104314092,0.39428962174509624,0.6683539829161842,0.5478000230207224,0.5542844462033305,0.2768484842707612,0.6723268824795456,0.7887183035367047,0.5773351767483388,0.17292112737975485,0.14698682346754377,0.42006435869235226,0.3084853400676275,0.9545219821410755,0.34376167360573423,0.16770314530890307,0.636750484876754,0.06557835951398004,0.8178723573947468,0.138987832414955,0.09620165237800124,0.6367504848767541,0.7841718707858991,0.5600211051442338,0.006434267644370212,0.14160937754278402,0.5681070765027764,0.5453539044484756,0.14958971575439572,0.4954305404979313,0.09945949585721132,0.10230210867914277,0.7634365476816196,0.010575371904324945,0.7585045126375598,0.7923117126719417,0.1365662382033765,0.7948503156669604,0.5589498740203581,0.10272336700380533,0.018335270278715402,0.14406823356177312,0.6628707237294934,0.5550785276621887,0.0004347282505906281,0.0005611689948180032,0.0003673906802540102,0.14969041673304542,0.018804951154613832,0.5568031862600498,0.6325025279719372,0.6419320772417679,0.16771599551605104,0.716661343025299,0.580858133194392,0.00033329332394852666,0.7894233801544104,0.014354173408406334,0.4141035093932017,0.1643311476033701,0.005958881170020939,0.5624961973023108,0.5450814867481181,0.12475323088260405,0.2290673567963628,0.014194193773545097,0.09960415004259318,0.5511826214754546,0.6232833021915066,0.12028731424806971,0.01219555999336473,0.06082580794185241,0.7245845331765186,0.46554264832319797,0.0634004194351882,1
154,1.0,0.9061330975833702,0.5620191959204359,0.18914406765247088,0.24494959370002145,0.2908452990096556,0.24036190325280082,0.1811232966221402,0.03144936385048022,0.4443388920220809,0.1547643764445814,0.07595506429268493,0.5323117479370875,0.031682379376497205,0.45669291338582674,0.5,0.03093286318485065,0.5356713614066178,0.32377049180327877,0.44653723573465554,1.0,0.35074080902555144,0.4949338465330166,0.5123966942148761,0.02499999999999991,0.9791666666666661,0.3195976589248609,0.1981833601163271,0.32442627965215043,0.02377584474426556,0.3664584436753213,0.2574572667389622,0.47905402250860707,0.18718342676233737,0.6563185598824344,0.31713784386639754,0.1770273195308923,0.6928179684997695,0.2929078909248417,0.4406287893899361,0.1932334621163252,0.49783275867227017,0.45907587612382394,0.8205680826998751,0.7126366005576052,0.9029893899203244,0.47075364389432045,0.5241006043415726,0.5787475589245592,0.22755612508788264,0.5594583110895772,0.42927189009994526,0.2853636360605868,0.5787475589245589,0.6128580907735821,0.2551736786582406,0.027281817678048093,0.37586616984432464,0.26022817876305526,0.4372888731545438,0.31837083006241285,0.46447349002908517,0.06860927585103961,0.05818503868215288,0.5206766741368485,0.03020386177730288,0.5478886434926142,0.5921540311834441,0.3007209949574783,0.5988959928856072,0.42860583469238667,0.05571077344165614,0.048096123629831296,0.4092620528245321,0.30642293753312466,0.44014106831665256,0.00438012608951784,0.004595982700744214,0.00432207560279663,0.0748811506683068,0.03057836419108638,0.32554075955714423,0.40242665247063303,0.4286435272001128,0.05543195786923623,0.8549254066916219,0.3186899990959333,0.004040674267388319,0.8513253634464726,0.03288320953468066,0.21183784696703795,0.3315688690818554,0.026263849828855174,0.25787946442105325,0.43796255611170254,0.28339615778809385,0.3850758136267357,0.0774549884982755,0.057205426955711146,0.3004754044791417,0.32113251394294334,0.03479688848486457,0.026958359700609252,0.023645845444316232,0.404157063984421,0.13328207682135654,0.029352365348415826,1
